1603984369238	UncaughtExceptionError	ETOOMANYERRORS	Cannot read property 'STORAGE' of undefined
1603984399264	UncaughtExceptionError	ETOOMANYERRORS	Cannot read property 'STORAGE' of undefined
1603984420859	UncaughtExceptionError	ETOOMANYERRORS	Cannot read property 'STORAGE' of undefined
1603984423133	UncaughtExceptionError	ETOOMANYERRORS	Cannot read property 'STORAGE' of undefined
1603984428161	UncaughtExceptionError	ETOOMANYERRORS	Cannot read property 'STORAGE' of undefined
1603984429990	UncaughtExceptionError	ETOOMANYERRORS	Cannot read property 'STORAGE' of undefined
1603984690744	UncaughtExceptionError	ETOOMANYERRORS	Cannot read property 'STORAGE' of undefined
1603984702633	UncaughtExceptionError	ETOOMANYERRORS	Cannot read property 'STORAGE' of undefined
1603984725890	UncaughtExceptionError	ETOOMANYERRORS	Cannot read property 'STORAGE' of undefined
1603984759292	UncaughtExceptionError	ETOOMANYERRORS	Cannot read property 'STORAGE' of undefined
1603984786832	UncaughtExceptionError	ETOOMANYERRORS	Cannot read property 'STORAGE' of undefined
1603984821700	UncaughtExceptionError	ETOOMANYERRORS	Cannot read property 'STORAGE' of undefined
1603984850240	UncaughtExceptionError	ETOOMANYERRORS	Cannot read property 'STORAGE' of undefined
1603984877829	UncaughtExceptionError	ETOOMANYERRORS	Cannot read property 'STORAGE' of undefined
1603984891967	UncaughtExceptionError	ETOOMANYERRORS	Cannot read property 'STORAGE' of undefined
1603984893103	UncaughtExceptionError	ETOOMANYERRORS	Cannot read property 'COMPUTE' of undefined
1603984911579	UncaughtExceptionError	ETOOMANYERRORS	Cannot read property 'COMPUTE' of undefined
1603984913257	UncaughtExceptionError	ETOOMANYERRORS	Cannot read property 'STORAGE' of undefined
1603984939377	UncaughtExceptionError	ETOOMANYERRORS	Cannot read property 'COMPUTE' of undefined
1603984941201	UncaughtExceptionError	ETOOMANYERRORS	Cannot read property 'STORAGE' of undefined
1603984976596	UncaughtExceptionError	ETOOMANYERRORS	Cannot read property 'COMPUTE' of undefined
1603984977047	UncaughtExceptionError	ETOOMANYERRORS	Cannot read property 'STORAGE' of undefined
1603984995254	UncaughtExceptionError	ETOOMANYERRORS	Cannot read property 'COMPUTE' of undefined
1603984997432	UncaughtExceptionError	ETOOMANYERRORS	Cannot read property 'STORAGE' of undefined
1603985037429	UncaughtExceptionError	ETOOMANYERRORS	Cannot read property 'COMPUTE' of undefined
1603985038977	UncaughtExceptionError	ETOOMANYERRORS	Cannot read property 'STORAGE' of undefined
1603985060568	UncaughtExceptionError	ETOOMANYERRORS	Cannot read property 'COMPUTE' of undefined
1603985060776	UncaughtExceptionError	ETOOMANYERRORS	Cannot read property 'STORAGE' of undefined
1603985100286	UncaughtExceptionError	ETOOMANYERRORS	Cannot read property 'COMPUTE' of undefined
1603985101964	UncaughtExceptionError	ETOOMANYERRORS	Cannot read property 'STORAGE' of undefined
